row_index,train_split,test_split,r_sq_train,r_sq_test,model_lr_0_intercept_train,model_lr_0_slope_train
0,70.0%,30.0%,0.5109582617806638,0.544657569253975,33857.489028702716,223.82219819592407
1,70.0%,30.0%,0.5109582617806638,0.544657569253975,33857.489028702716,-879.8724925206285
